{"symbols": [[1, 16, 1], [1, 19, 1], [1, 22, 1], [1, 33, 1], [1, 36, 1], [1, 40, 1], [1, 58, 1], [1, 61, 1], [1, 64, 1], [1, 71, 1], [1, 74, 1], [1, 77, 1], [1, 82, 1], [1, 85, 1], [1, 88, 1], [1, 91, 1], [1, 94, 1], [1, 97, 1], [1, 100, 1], [1, 105, 1], [1, 108, 1], [1, 111, 1], [1, 117, 1], [1, 120, 1], [1, 123, 1], [1, 131, 1], [1, 140, 1], [1, 143, 1], [1, 146, 1], [1, 156, 1], [1, 165, 1], [1, 168, 1], [1, 176, 1], [1, 179, 1], [1, 194, 1], [1, 197, 1], [1, 202, 1], [1, 205, 1], [1, 206, 1]], "geom": [[-246.0, 45.3219, 10.0, -246.0, 51.635233, 10.0], [-245.99, 51.645233, 10.0, -230.67666699999998, 51.645233, 10.0], [-246.0, 51.655232999999996, 10.0, -246.0, 92.635233, 10.0], [-230.666667, 51.635233, 10.0, -230.666667, 47.655232999999996, 10.0], [-230.67666699999998, 47.645233, 10.0, -231.656667, 47.645233, 10.0], [-231.666667, 47.635233, 10.0, -231.666667, 44.3219, 10.0], [-231.67666699999998, 44.3119, 10.0, -233.99, 44.3119, 10.0], [-231.666667, 44.3019, 10.0, -231.666667, 32.3219, 10.0], [-231.656667, 32.3119, 10.0, -230.01, 32.3119, 10.0], [-231.67666699999998, 32.3119, 10.0, -232.656667, 32.3119, 10.0], [-230.0, 32.3019, 10.0, -230.0, 25.655233000000003, 10.0], [-229.99, 32.3119, 10.0, -197.01, 32.3119, 10.0], [-229.99, 25.645233, 10.0, -227.01, 25.645233, 10.0], [-227.0, 25.645233, 10.01, -227.0, 25.645233, 10.99], [-226.99, 25.645233, 10.0, -215.01, 25.645233, 10.0], [-227.0, 25.655233000000003, 11.0, -227.0, 26.3019, 11.0], [-227.0, 26.3119, 10.99, -227.0, 26.3119, 9.01], [-215.0, 25.655233000000003, 10.0, -215.0, 26.3019, 10.0], [-214.99, 25.645233, 10.0, -203.01, 25.645233, 10.0], [-215.0, 26.3119, 9.99, -215.0, 26.3119, 9.01], [-203.0, 25.645233, 10.01, -203.0, 25.645233, 10.99], [-203.0, 25.655233000000003, 11.0, -203.0, 26.3019, 11.0], [-203.0, 26.3119, 10.99, -203.0, 26.3119, 9.01], [-197.0, 32.3019, 10.0, -197.0, 27.321900000000003, 10.0], [-196.99, 27.3119, 10.0, -182.343333, 27.3119, 10.0], [-182.333333, 27.321900000000003, 10.0, -182.333333, 32.3019, 10.0], [-182.333333, 27.3019, 10.0, -182.333333, 25.655233000000003, 10.0], [-182.32333300000002, 32.3119, 10.0, -167.01, 32.3119, 10.0], [-167.0, 32.3219, 10.0, -167.0, 37.968567, 10.0], [-166.99, 32.3119, 10.0, -166.01, 32.3119, 10.0], [-167.0, 37.978567, 10.01, -167.0, 37.978567, 10.99], [-167.00013887536184, 37.988566035635195, 10.0, -167.11097212463818, 45.96856763103147, 10.0], [-167.01, 37.978567, 11.0, -168.99, 37.978567, 11.0], [-169.0, 37.978567, 10.99, -169.0, 37.978567, 9.01], [-167.121111, 45.97856666843137, 10.0, -168.99, 45.978566998235294, 10.0], [-167.11105723738905, 45.9885665221447, 10.0, -167.00005376261097, 66.63523314452196, 10.0], [-169.0, 45.978567, 9.99, -169.0, 45.978567, 9.01], [-166.99, 66.645233, 10.0, -159.01, 66.645233, 10.0], [-159.0, 66.635233, 10.0, -159.0, 65.988567, 10.0], [-158.99, 66.645233, 10.0, -151.67666699999998, 66.645233, 10.0], [-159.0, 65.978567, 9.99, -159.0, 65.978567, 9.01], [-151.666667, 66.635233, 10.0, -151.666667, 45.988566999999996, 10.0], [-151.666667, 45.968567, 10.0, -151.666667, 37.988566999999996, 10.0], [-151.67666699999998, 45.978567, 10.0, -152.656667, 45.978567, 10.0], [-151.666667, 37.968567, 10.0, -151.666667, 30.655233000000003, 10.0], [-151.67666699999998, 37.978567, 10.0, -152.656667, 37.978567, 10.0], [-151.656667, 30.645233, 10.0, -145.01, 30.645233, 10.0], [-151.67666699999998, 30.645233, 10.0, -156.99, 30.645233, 10.0], [-144.99, 30.645233, 10.0, -139.01, 30.645233, 10.0], [-145.0, 30.635233, 10.0, -145.0, 25.655233000000003, 10.0], [-139.0, 30.655233000000003, 10.0, -139.0, 32.3019, 10.0], [-138.99, 32.3119, 10.0, -107.67666700000001, 32.3119, 10.0], [-107.666667, 32.3019, 10.0, -107.666667, 25.655233000000003, 10.0], [-107.656667, 32.3119, 10.0, -70.343333, 32.3119, 10.0], [-107.656667, 25.645233, 10.0, -103.01, 25.645233, 10.0], [-107.67666700000001, 25.645233, 10.0, -114.99, 25.645233, 10.0], [-103.0, 25.655233000000003, 10.0, -103.0, 26.3019, 10.0], [-102.99, 25.645233, 10.0, -91.01, 25.645233, 10.0], [-103.0, 26.3119, 9.99, -103.0, 26.3119, 9.01], [-91.0, 25.645233, 10.01, -91.0, 25.645233, 10.99], [-91.0, 25.655233000000003, 11.0, -91.0, 26.3019, 11.0], [-91.0, 26.3119, 10.99, -91.0, 26.3119, 9.01], [-115.0, 25.645233, 10.01, -115.0, 25.645233, 10.99], [-115.0, 25.655233000000003, 11.0, -115.0, 26.3019, 11.0], [-115.0, 26.3119, 10.99, -115.0, 26.3119, 9.01], [-70.333333, 32.3019, 10.0, -70.333333, 25.655233000000003, 10.0], [-70.32333299999999, 32.3119, 10.0, -58.849652, 32.3119, 10.0], [-70.32333299999999, 25.645233, 10.0, -65.67666700000001, 25.645233, 10.0], [-70.343333, 25.645233, 10.0, -77.656667, 25.645233, 10.0], [-65.666667, 25.655233000000003, 10.0, -65.666667, 26.3019, 10.0], [-65.656667, 25.645233, 10.0, -53.676666999999995, 25.645233, 10.0], [-65.666667, 26.3119, 9.99, -65.666667, 26.3119, 9.01], [-53.666667, 25.645233, 10.01, -53.666667, 25.645233, 10.99], [-53.666667, 25.655233000000003, 11.0, -53.666667, 26.3019, 11.0], [-53.666667, 26.3119, 10.99, -53.666667, 26.3119, 9.01], [-77.666667, 25.645233, 10.01, -77.666667, 25.645233, 10.99], [-77.666667, 25.655233000000003, 11.0, -77.666667, 26.3019, 11.0], [-77.666667, 26.3119, 10.99, -77.666667, 26.3119, 9.01], [-144.99, 25.645233, 10.0, -140.343333, 25.645233, 10.0], [-145.01, 25.645233, 10.0, -152.32333300000002, 25.645233, 10.0], [-140.333333, 25.655233000000003, 10.0, -140.333333, 26.3019, 10.0], [-140.32333300000002, 25.645233, 10.0, -128.343333, 25.645233, 10.0], [-140.333333, 26.3119, 9.99, -140.333333, 26.3119, 9.01], [-128.333333, 25.645233, 10.01, -128.333333, 25.645233, 10.99], [-128.333333, 25.655233000000003, 11.0, -128.333333, 26.3019, 11.0], [-128.333333, 26.3119, 10.99, -128.333333, 26.3119, 9.01], [-152.333333, 25.645233, 10.01, -152.333333, 25.645233, 10.99], [-152.333333, 25.655233000000003, 11.0, -152.333333, 26.3019, 11.0], [-152.333333, 26.3119, 10.99, -152.333333, 26.3119, 9.01], [-157.0, 30.645233, 10.01, -157.0, 30.645233, 10.99], [-157.0, 30.655233000000003, 11.0, -157.0, 31.3019, 11.0], [-157.0, 31.3119, 10.99, -157.0, 31.3119, 9.01], [-152.666667, 37.988566999999996, 10.0, -152.666667, 38.635233, 10.0], [-152.67666699999998, 37.978567, 10.0, -158.99, 37.978567, 10.0], [-152.666667, 38.645233, 9.99, -152.666667, 38.645233, 9.01], [-159.0, 37.978567, 10.01, -159.0, 37.978567, 10.99], [-159.0, 37.988566999999996, 11.0, -159.0, 38.635233, 11.0], [-159.0, 38.645233, 10.99, -159.0, 38.645233, 9.01], [-152.666667, 45.968567, 10.0, -152.666667, 45.3219, 10.0], [-152.67666699999998, 45.978567, 10.0, -157.32333300000002, 45.978567, 10.0], [-152.666667, 45.3119, 9.99, -152.666667, 45.3119, 9.01], [-157.333333, 45.988566999999996, 10.0, -157.333333, 55.968567, 10.0], [-157.343333, 45.978567, 10.0, -158.99, 45.978567, 10.0], [-157.333333, 55.978567, 10.01, -157.333333, 55.978567, 10.99], [-157.343333, 55.978567, 11.0, -158.656667, 55.978567, 11.0], [-158.666667, 55.978567, 10.99, -158.666667, 55.978567, 9.01], [-159.0, 45.978567, 10.01, -159.0, 45.978567, 10.99], [-159.0, 45.968567, 11.0, -159.0, 45.3219, 11.0], [-159.0, 45.3119, 10.99, -159.0, 45.3119, 9.01], [-166.0, 32.3119, 10.01, -166.0, 32.3119, 10.99], [-166.0, 32.3019, 11.0, -166.0, 31.321900000000003, 11.0], [-166.0, 31.3119, 10.99, -166.0, 31.3119, 9.01], [-182.32333300000002, 25.645233, 10.0, -177.67666699999998, 25.645233, 10.0], [-182.343333, 25.645233, 10.0, -189.656667, 25.645233, 10.0], [-177.666667, 25.645233, 10.01, -177.666667, 25.645233, 10.99], [-177.656667, 25.645233, 10.0, -165.67666699999998, 25.645233, 10.0], [-177.666667, 25.655233000000003, 11.0, -177.666667, 26.3019, 11.0], [-177.666667, 26.3119, 10.99, -177.666667, 26.3119, 9.01], [-165.666667, 25.645233, 10.01, -165.666667, 25.645233, 10.99], [-165.666667, 25.655233000000003, 11.0, -165.666667, 26.3019, 11.0], [-165.666667, 26.3119, 10.99, -165.666667, 26.3119, 9.01], [-189.666667, 25.645233, 10.01, -189.666667, 25.645233, 10.99], [-189.666667, 25.655233000000003, 11.0, -189.666667, 26.3019, 