{"symbols": [[1, 6, 1], [1, 16, 1], [1, 20, 1], [1, 23, 1], [1, 34, 1], [1, 37, 1], [1, 42, 1], [1, 61, 1], [1, 64, 1], [1, 67, 1], [1, 69, 1], [1, 76, 1], [1, 79, 1], [1, 82, 1], [1, 88, 1], [1, 91, 1], [1, 94, 1], [1, 97, 1], [1, 101, 1], [1, 104, 1], [1, 108, 1], [1, 113, 1], [1, 116, 1], [1, 119, 1], [1, 125, 1], [1, 128, 1], [1, 131, 1], [1, 134, 1], [1, 139, 1], [1, 140, 1], [1, 148, 1], [1, 152, 1], [1, 155, 1], [1, 158, 1], [1, 162, 1], [1, 167, 1], [1, 177, 1], [1, 180, 1], [1, 188, 1], [1, 191, 1], [1, 194, 1], [1, 197, 1], [1, 208, 1], [1, 211, 1], [1, 212, 1], [1, 217, 1], [1, 220, 1], [1, 221, 1]], "geom": [[-246.0, 45.3619, 10.0, -246.0, 51.595233, 10.0], [-245.95, 51.645233, 10.0, -230.716667, 51.645233, 10.0], [-246.0, 51.695232999999995, 10.0, -246.0, 92.59523300000001, 10.0], [-230.666667, 51.595233, 10.0, -230.666667, 47.695232999999995, 10.0], [-230.716667, 47.645233, 10.0, -231.61666699999998, 47.645233, 10.0], [-231.666667, 47.595233, 10.0, -231.666667, 44.3619, 10.0], [-231.716667, 44.3119, 10.0, -233.95, 44.3119, 10.0], [-231.666667, 44.261900000000004, 10.0, -231.666667, 32.3619, 10.0], [-231.61666699999998, 32.3119, 10.0, -230.05, 32.3119, 10.0], [-231.716667, 32.3119, 10.0, -232.61666699999998, 32.3119, 10.0], [-230.0, 32.261900000000004, 10.0, -230.0, 25.695233, 10.0], [-229.95, 32.3119, 10.0, -197.05, 32.3119, 10.0], [-229.95, 25.645233, 10.0, -227.05, 25.645233, 10.0], [-227.0, 25.645233, 10.05, -227.0, 25.645233, 10.95], [-226.95, 25.645233, 10.0, -215.05, 25.645233, 10.0], [-227.0, 25.695233, 11.0, -227.0, 26.2619, 11.0], [-227.0, 26.3119, 10.95, -227.0, 26.3119, 9.05], [-215.0, 25.645233, 10.05, -215.0, 25.645233, 10.95], [-214.95, 25.645233, 10.0, -203.05, 25.645233, 10.0], [-215.0, 25.695233, 11.0, -215.0, 26.2619, 11.0], [-215.0, 26.3119, 10.95, -215.0, 26.3119, 9.05], [-203.0, 25.645233, 10.05, -203.0, 25.645233, 10.95], [-203.0, 25.695233, 11.0, -203.0, 26.2619, 11.0], [-203.0, 26.3119, 10.95, -203.0, 26.3119, 9.05], [-197.0, 32.261900000000004, 10.0, -197.0, 27.361900000000002, 10.0], [-196.95, 27.3119, 10.0, -182.38333300000002, 27.3119, 10.0], [-182.333333, 27.361900000000002, 10.0, -182.333333, 32.261900000000004, 10.0], [-182.333333, 27.2619, 10.0, -182.333333, 25.695233, 10.0], [-182.283333, 32.3119, 10.0, -167.05, 32.3119, 10.0], [-167.0, 32.3619, 10.0, -167.0, 37.928567, 10.0], [-166.95, 32.3119, 10.0, -166.05, 32.3119, 10.0], [-167.0, 37.978567, 10.05, -167.0, 37.978567, 10.95], [-167.0006943768092, 38.02856217817597, 10.0, -167.11041662319082, 45.9285714884907, 10.0], [-167.05, 37.978567, 11.0, -168.95, 37.978567, 11.0], [-169.0, 37.978567, 10.95, -169.0, 37.978567, 9.05], [-167.16111100000003, 45.97856667549019, 10.0, -168.95, 45.97856699117647, 10.0], [-167.1108421869452, 46.02856594405686, 10.0, -167.00026881305482, 66.5952337226098, 10.0], [-169.0, 45.978567, 9.95, -169.0, 45.978567, 9.05], [-166.95, 66.645233, 10.0, -159.05, 66.645233, 10.0], [-159.0, 66.645233, 10.05, -159.0, 66.645233, 10.95], [-158.95, 66.645233, 10.0, -151.716667, 66.645233, 10.0], [-159.0, 66.59523300000001, 11.0, -159.0, 66.028567, 11.0], [-159.0, 65.978567, 10.95, -159.0, 65.978567, 9.05], [-151.666667, 66.59523300000001, 10.0, -151.666667, 46.028566999999995, 10.0], [-151.666667, 45.928567, 10.0, -151.666667, 38.028566999999995, 10.0], [-151.716667, 45.978567, 10.0, -152.61666699999998, 45.978567, 10.0], [-151.666667, 37.928567, 10.0, -151.666667, 30.695233, 10.0], [-151.716667, 37.978567, 10.0, -152.61666699999998, 37.978567, 10.0], [-151.61666699999998, 30.645233, 10.0, -145.05, 30.645233, 10.0], [-151.716667, 30.645233, 10.0, -156.95, 30.645233, 10.0], [-144.95, 30.645233, 10.0, -139.05, 30.645233, 10.0], [-145.0, 30.595233, 10.0, -145.0, 25.695233, 10.0], [-139.0, 30.695233, 10.0, -139.0, 32.261900000000004, 10.0], [-138.95, 32.3119, 10.0, -107.716667, 32.3119, 10.0], [-107.666667, 32.261900000000004, 10.0, -107.666667, 25.695233, 10.0], [-107.616667, 32.3119, 10.0, -70.383333, 32.3119, 10.0], [-107.616667, 25.645233, 10.0, -103.05, 25.645233, 10.0], [-107.716667, 25.645233, 10.0, -114.95, 25.645233, 10.0], [-103.0, 25.645233, 10.05, -103.0, 25.645233, 10.95], [-102.95, 25.645233, 10.0, -91.05, 25.645233, 10.0], [-103.0, 25.695233, 11.0, -103.0, 26.2619, 11.0], [-103.0, 26.3119, 10.95, -103.0, 26.3119, 9.05], [-91.0, 25.645233, 10.05, -91.0, 25.645233, 10.95], [-91.0, 25.695233, 11.0, -91.0, 26.2619, 11.0], [-91.0, 26.3119, 10.95, -91.0, 26.3119, 9.05], [-115.0, 25.645233, 10.05, -115.0, 25.645233, 10.95], [-115.0, 25.695233, 11.0, -115.0, 26.2619, 11.0], [-115.0, 26.3119, 10.95, -115.0, 26.3119, 9.05], [-70.333333, 32.3119, 10.05, -70.333333, 32.3119, 10.95], [-70.283333, 32.3119, 10.0, -58.889652, 32.3119, 10.0], [-70.333333, 32.261900000000004, 11.0, -70.333333, 25.695233, 11.0], [-70.283333, 25.645233, 11.0, -65.716667, 25.645233, 11.0], [-70.383333, 25.645233, 11.0, -77.616667, 25.645233, 11.0], [-65.666667, 25.645233, 11.05, -65.666667, 25.645233, 11.95], [-65.616667, 25.645233, 11.0, -53.716666999999994, 25.645233, 11.0], [-65.666667, 25.695233, 12.0, -65.666667, 26.2619, 12.0], [-65.666667, 26.3119, 11.95, -65.666667, 26.3119, 9.05], [-53.666667, 25.645233, 11.05, -53.666667, 25.645233, 11.95], [-53.666667, 25.695233, 12.0, -53.666667, 26.2619, 12.0], [-53.666667, 26.3119, 11.95, -53.666667, 26.3119, 9.05], [-77.666667, 25.645233, 11.05, -77.666667, 25.645233, 11.95], [-77.666667, 25.695233, 12.0, -77.666667, 26.2619, 12.0], [-77.666667, 26.3119, 11.95, -77.666667, 26.3119, 9.05], [-144.95, 25.645233, 10.0, -140.38333300000002, 25.645233, 10.0], [-145.05, 25.645233, 10.0, -152.283333, 25.645233, 10.0], [-140.333333, 25.645233, 10.05, -140.333333, 25.645233, 10.95], [-140.283333, 25.645233, 10.0, -128.38333300000002, 25.645233, 10.0], [-140.333333, 25.695233, 11.0, -140.333333, 26.2619, 11.0], [-140.333333, 26.3119, 10.95, -140.333333, 26.3119, 9.05], [-128.333333, 25.645233, 10.05, -128.333333, 25.645233, 10.95], [-128.333333, 25.695233, 11.0, -128.333333, 26.2619, 11.0], [-128.333333, 26.3119, 10.95, -128.333333, 26.3119, 9.05], [-152.333333, 25.645233, 10.05, -152.333333, 25.645233, 10.95], [-152.333333, 25.695233, 11.0, -152.333333, 26.2619, 11.0], [-152.333333, 26.3119, 10.95, -152.333333, 26.3119, 9.05], [-157.0, 30.645233, 10.05, -157.0, 30.645233, 10.95], [-157.0, 30.695233, 11.0, -157.0, 31.2619, 11.0], [-157.0, 31.3119, 10.95, -157.0, 31.3119, 9.05], [-152.666667, 37.978567, 10.05, -152.666667, 37.978567, 10.95], [-152.716667, 37.978567, 10.0, -158.95, 37.978567, 10.0], [-152.666667, 38.028566999999995, 11.0, -152.666667, 38.595233, 11.0], [-152.666667, 38.645233, 10.95, -152.666667, 38.645233, 9.05], [-159.0, 37.978567, 10.05, -159.0, 37.978567, 10.95], [-159.0, 38.028566999999995, 11.0, -159.0, 38.595233, 11.0], [-159.0, 38.645233, 10.95, -159.0, 38.645233, 9.05], [-152.666667, 45.978567, 10.05, -152.666667, 45.978567, 10.95], [-152.716667, 45.978567, 10.0, -157.283333, 45.978567, 10.0], [-152.666667, 45.928567, 11.0, -152.666667, 45.3619, 11.0], [-152.666667, 45.3119, 10.95, -152.666667, 45.3119, 9.05], [-157.333333, 46.028566999999995, 10.0, -157.333333, 55.928567, 10.0], [-157.38333300000002, 45.978567, 10.0, -158.95, 45.978567, 10.0], [-157.333333, 55.978567, 10.05, -157.333333, 55.978567, 10.95], [-157.38333300000002, 55.978567, 11.0, -158.61666699999998, 55.978567, 11.0], [-158.666667, 55.978567, 10.95, -158.666667, 55.978567, 9.05], [-159.0, 45.978567, 10.05, -159.0, 45.978567, 10.95], [-159.0, 45.928567, 11.0, -159.0, 45.3619, 11.0], [-159.0, 45.3119, 10.95, -159.0, 45.3119, 9.05], [-166.0, 32.3119, 10.05, -166.0, 32.3119, 10.95], [-166.0, 32.261900000000004, 11.0, -166.0, 31.361900000000002, 11.0], [-166.0, 31.3119, 10.95, -166.0, 31.3119, 9.05], [-182.283333, 25.645233, 10.0, -177.716667, 25.645233, 10.0], [-182.38333300000002, 25.645233, 10.0, -189.61666699999998, 25.645233, 10.0], [-177.666667, 25.645233, 10.05, -177.666667, 25.645233, 10.95], [-177.61666699999998, 25.645233, 10.0, 